method,mse,rmse,nrmse,corr,snr_out_db,lyap,params,shift,n_params,epochs,best_epoch,val_loss,seconds,sec_per_epoch
эталон,0,0,0,1,inf,0.883966,,,,,,,,
искажённый,127.1,11.2739,1.42166,0.032858,-3.05588,0.613857,,,,,,,,
скользящее среднее,0.838092,0.915474,0.115437,0.993383,18.7532,0.73905,скользящее среднее (size=13),15,,,,,,
Савицкий-Голей,0.741727,0.861235,0.108598,0.994086,19.2837,0.752839,"Савицкий-Голей (window=31, polyorder=2)",15,,,,,,
ФНЧ нулевой фазы,0.696744,0.834712,0.105253,0.994453,19.5554,0.755606,ФНЧ нулевой фазы (fc=4),15,,,,,,
обратный фильтр (прямой),4.77648e+15,6.91121e+07,8.71471e+06,0.00199181,-138.805,0.38668,обратный фильтр (прямой),407,,,,,,
обратный фильтр (Винер),1.51357,1.23027,0.155132,0.990753,16.1862,0.702605,обратный фильтр (Винер) (lambda=0.1),0,,,,,,
"обратный фильтр (Винер, СПМ)",0.553285,0.743831,0.0937937,0.995592,20.5567,0.765172,"обратный фильтр (Винер, СПМ) (nperseg=16384)",0,,,,,,
обратный фильтр (слепой),0.671297,0.819327,0.103313,0.994677,19.717,0.737959,"обратный фильтр (слепой) (fc_оценка=2.541, порядок_оценка=4)",-3,,,,,,
автоэнкодер,0.376881,0.613907,0.0774108,0.997038,22.2773,0.810646,144769 весов,,144769,39,29,0.00761837,105.629,2.70843
