method,mse,rmse,nrmse,corr,snr_out_db,lyap,params,n_params,epochs,best_epoch,val_loss,seconds,sec_per_epoch,model,length,sigma2,crlb,mse_to_crlb,n_eff
автоэнкодер,2.0077,1.41693,0.178688,0.984058,14.9791,0.690416,144769 весов,144769,23,13,0.038441,363.289,15.7952,cae,16,6.23273,0.338863,5.92482,3.04702
WaveNet,1.98063,1.40735,0.17748,0.984141,15.0213,0.689847,177409 весов,177409,17,7,0.0379869,929.37,54.6688,wavenet,16,6.23273,0.338863,5.84494,3.08752
автоэнкодер,1.0075,1.00374,0.126569,0.992064,17.9858,0.729837,144769 весов,144769,21,11,0.0208172,248.128,11.8156,cae,24,6.23273,0.209198,4.81601,5.91419
WaveNet,0.938208,0.968611,0.122139,0.992515,18.2633,0.748458,177409 весов,177409,31,21,0.0194207,1314.47,42.4023,wavenet,24,6.23273,0.209198,4.48478,6.32686
автоэнкодер,0.66836,0.817533,0.103083,0.994732,19.7841,0.78557,144769 весов,144769,33,23,0.0164613,310.964,9.42314,cae,32,6.23273,0.145041,4.60807,8.68903
WaveNet,0.598411,0.773571,0.09754,0.995247,20.22,0.791646,177409 весов,177409,21,11,0.0137521,762.004,36.2859,wavenet,32,6.23273,0.145041,4.1258,9.62087
автоэнкодер,0.482418,0.694563,0.087594,0.996186,21.1592,0.827271,144769 весов,144769,21,11,0.0130358,158.632,7.55391,cae,48,6.23273,0.0822069,5.86834,11.7039
WaveNet,0.32218,0.567609,0.0715833,0.99745,22.9292,0.857192,177409 весов,177409,42,32,0.0087271,1334.41,31.7716,wavenet,48,6.23273,0.0822069,3.91913,16.7146
автоэнкодер,0.418581,0.646979,0.081607,0.99669,21.7837,0.818291,144769 весов,144769,16,6,0.0114157,109.609,6.85057,cae,64,6.23273,0.0520654,8.03953,13.2893
WaveNet,0.221943,0.471108,0.0594235,0.99826,24.5219,0.896183,177409 весов,177409,40,30,0.00635941,1172.19,29.3049,wavenet,64,6.23273,0.0520654,4.26277,22.8709
автоэнкодер,0.368481,0.607026,0.0765436,0.997068,22.3227,0.815772,144769 весов,144769,36,26,0.00866503,187.477,5.20768,cae,128,6.23273,0.0124293,29.6461,14.8721
WaveNet,0.114461,0.338321,0.0426609,0.999115,27.5177,0.958243,177409 весов,177409,41,31,0.00325696,1139.44,27.7911,wavenet,128,6.23273,0.0124293,9.20893,38.1339
автоэнкодер,0.376881,0.613907,0.0774108,0.997038,22.2773,0.810646,144769 весов,144769,39,29,0.00761837,177.234,4.54447,cae,256,6.23273,0.00111283,338.671,14.5808
WaveNet,0.0601919,0.24534,0.0309363,0.999533,30.2276,0.946297,177409 весов,177409,100,98,0.0017758,2919.03,29.1903,wavenet,256,6.23273,0.00111283,54.0892,58.6329
"обратный фильтр (Винер, СПМ)",0.553285,,0.0937937,,,,,,,,,,,baseline,,,,,10.3363
