variant,group,nrmse_net,nrmse_distorted,улучшение,corr_net,lyap_net
"Баттерворт 4, fc=3 (обучающий)",эталонный,0.0774108,0.752429,9.71995,0.997038,0.810646
"Бессель 4, fc=3",тип фильтра,0.199096,0.619165,3.10988,0.980227,0.812656
"Чебышев I 4, fc=3",тип фильтра,0.171087,0.817881,4.7805,0.985379,0.813106
"Баттерворт 4, fc=1.5 (x0.5)",частота среза,0.692621,1.058,1.52753,0.758383,0.823231
"Баттерворт 4, fc=2.25 (x0.75)",частота среза,0.279937,0.892074,3.1867,0.960727,0.809969
"Баттерворт 4, fc=3.75 (x1.25)",частота среза,0.185996,0.648589,3.48711,0.982751,0.80883
"Баттерворт 4, fc=4.5 (x1.5)",частота среза,0.286837,0.574307,2.00221,0.958941,0.796627
"Баттерворт 4, fc=6 (x2)",частота среза,0.408369,0.481414,1.17887,0.916746,0.8011
"Баттерворт 2, fc=3",порядок,0.354026,0.507397,1.43322,0.937381,0.803113
"Баттерворт 6, fc=3",порядок,0.358778,0.955524,2.66327,0.935549,0.819663
"Баттерворт 8, fc=3",порядок,0.658158,1.09944,1.67048,0.782697,0.812315
