method,mse,rmse,nrmse,corr,snr_out_db,lyap,params,n_params,epochs,best_epoch,val_loss,seconds,sec_per_epoch,model,seed
автоэнкодер,0.376881,0.613907,0.0774108,0.997038,22.2773,0.810646,144769 весов,144769,39,29,0.00761837,122.956,3.15272,cae,42
U-Net,0.346941,0.589017,0.0742723,0.997243,22.5914,0.824917,175777 весов,175777,21,11,0.00715474,90.6617,4.31722,unet,42
WaveNet,0.0712201,0.266871,0.0336512,0.999438,29.4656,0.954001,177409 весов,177409,61,51,0.0020841,1017.77,16.6848,wavenet,42
автоэнкодер,0.370634,0.608797,0.0767664,0.997053,22.3022,0.820258,144769 весов,144769,46,36,0.00746012,134.019,2.91346,cae,43
U-Net,0.369467,0.607838,0.0766456,0.99728,22.4755,0.828341,175777 весов,175777,25,15,0.00782371,106.276,4.25104,unet,43
WaveNet,0.0702029,0.264958,0.03341,0.999445,29.5225,0.947624,177409 весов,177409,74,64,0.00193161,1259.61,17.0217,wavenet,43
автоэнкодер,0.361287,0.601072,0.0757923,0.997151,22.4267,0.813631,144769 весов,144769,36,26,0.00740922,100.164,2.78233,cae,44
U-Net,0.337602,0.581035,0.0732658,0.997314,22.7035,0.83755,175777 весов,175777,33,23,0.0071626,135.941,4.11942,unet,44
WaveNet,0.0699084,0.264402,0.0333398,0.99947,29.7063,0.938117,177409 весов,177409,64,54,0.0019962,1072.09,16.7514,wavenet,44
