method,mse,rmse,nrmse,corr,snr_out_db,lyap,snr_db,params,shift,n_params,epochs,best_epoch,val_loss,seconds,sec_per_epoch
искажённый,91.7707,9.5797,1.20796,0.54037,-1.64101,0.420027,0,,,,,,,,
скользящее среднее,3.7883,1.94635,0.245426,0.969436,12.2019,0.739677,0,скользящее среднее (size=21),15,,,,,,
Савицкий-Голей,3.64941,1.91034,0.240885,0.970929,12.3641,0.789002,0,"Савицкий-Голей (window=81, polyorder=4)",14,,,,,,
ФНЧ нулевой фазы,3.51579,1.87504,0.236434,0.972241,12.5261,0.80564,0,ФНЧ нулевой фазы (fc=2.5),14,,,,,,
обратный фильтр (прямой),4.76792e+16,2.18356e+08,2.75336e+07,0.000659552,-148.797,0.38668,0,обратный фильтр (прямой),407,,,,,,
обратный фильтр (Винер),9.5948,3.09755,0.390586,0.958512,8.16595,0.639409,0,обратный фильтр (Винер) (lambda=0.5),0,,,,,,
"обратный фильтр (Винер, СПМ)",3.30883,1.81902,0.22937,0.973344,12.7896,0.789762,0,"обратный фильтр (Винер, СПМ) (nperseg=16384)",0,,,,,,
обратный фильтр (слепой),3.3636,1.83401,0.23126,0.972894,12.7183,0.780977,0,"обратный фильтр (слепой) (fc_оценка=2.602, порядок_оценка=5)",-6,,,,,,
автоэнкодер,3.16055,1.77779,0.224172,0.975407,12.9996,0.810047,0,144769 весов,,144769,17,7,0.0584991,45.6872,2.68748
искажённый,49.105,7.0075,0.883613,0.666842,1.07476,0.520925,5,,,,,,,,
скользящее среднее,1.69521,1.302,0.164177,0.986496,15.694,0.75049,5,скользящее среднее (size=17),15,,,,,,
Савицкий-Голей,1.52477,1.23482,0.155705,0.987861,16.1542,0.763499,5,"Савицкий-Голей (window=61, polyorder=4)",15,,,,,,
ФНЧ нулевой фазы,1.47065,1.21271,0.152916,0.988302,16.3111,0.784506,5,ФНЧ нулевой фазы (fc=3),15,,,,,,
обратный фильтр (прямой),1.5084e+16,1.22817e+08,1.54866e+07,0.00113947,-143.799,0.38668,5,обратный фильтр (прямой),407,,,,,,
обратный фильтр (Винер),3.56517,1.88817,0.238089,0.972041,12.4654,0.651446,5,обратный фильтр (Винер) (lambda=0.1),0,,,,,,
"обратный фильтр (Винер, СПМ)",1.3428,1.15879,0.146118,0.989268,16.7062,0.781892,5,"обратный фильтр (Винер, СПМ) (nperseg=16384)",0,,,,,,
обратный фильтр (слепой),1.4406,1.20025,0.151346,0.988486,16.4008,0.758492,5,"обратный фильтр (слепой) (fc_оценка=2.593, порядок_оценка=5)",-7,,,,,,
автоэнкодер,1.11734,1.05704,0.133288,0.991223,17.5116,0.805891,5,144769 весов,,144769,17,7,0.0220622,45.5125,2.67721
искажённый,35.6069,5.96715,0.752429,0.72977,2.47068,0.62594,10,,,,,,,,
скользящее среднее,0.838092,0.915474,0.115437,0.993383,18.7532,0.73905,10,скользящее среднее (size=13),15,,,,,,
Савицкий-Голей,0.741727,0.861235,0.108598,0.994086,19.2837,0.752839,10,"Савицкий-Голей (window=31, polyorder=2)",15,,,,,,
ФНЧ нулевой фазы,0.696744,0.834712,0.105253,0.994453,19.5554,0.755606,10,ФНЧ нулевой фазы (fc=4),15,,,,,,
обратный фильтр (прямой),4.77648e+15,6.91121e+07,8.71471e+06,0.00199181,-138.805,0.38668,10,обратный фильтр (прямой),407,,,,,,
обратный фильтр (Винер),1.51357,1.23027,0.155132,0.990753,16.1862,0.702605,10,обратный фильтр (Винер) (lambda=0.1),0,,,,,,
"обратный фильтр (Винер, СПМ)",0.553285,0.743831,0.0937937,0.995592,20.5567,0.765172,10,"обратный фильтр (Винер, СПМ) (nperseg=16384)",0,,,,,,
обратный фильтр (слепой),0.671297,0.819327,0.103313,0.994677,19.717,0.737959,10,"обратный фильтр (слепой) (fc_оценка=2.541, порядок_оценка=4)",-3,,,,,,
автоэнкодер,0.376881,0.613907,0.0774108,0.997038,22.2773,0.810646,10,144769 весов,,144769,39,29,0.00761837,106.291,2.72542
искажённый,31.3349,5.59776,0.705852,0.75371,3.02573,0.689977,15,,,,,,,,
скользящее среднее,0.484626,0.696151,0.0877814,0.996166,21.132,0.740941,15,скользящее среднее (size=9),15,,,,,,
Савицкий-Голей,0.405665,0.636918,0.0803124,0.99677,21.9044,0.736737,15,"Савицкий-Голей (window=41, polyorder=4)",15,,,,,,
ФНЧ нулевой фазы,0.389939,0.624451,0.0787404,0.996895,22.0761,0.753759,15,ФНЧ нулевой фазы (fc=4),15,,,,,,
обратный фильтр (прямой),1.51696e+15,3.89482e+07,4.91118e+06,0.00350135,-133.824,0.38668,15,обратный фильтр (прямой),407,,,,,,
обратный фильтр (Винер),0.716876,0.846685,0.106763,0.995058,19.4317,0.72897,15,обратный фильтр (Винер) (lambda=0.05),0,,,,,,
"обратный фильтр (Винер, СПМ)",0.238277,0.488137,0.0615518,0.998104,24.2153,0.752211,15,"обратный фильтр (Винер, СПМ) (nperseg=16384)",0,,,,,,
обратный фильтр (слепой),0.438303,0.662045,0.0834808,0.996566,21.5683,0.745369,15,"обратный фильтр (слепой) (fc_оценка=2.515, порядок_оценка=4)",-3,,,,,,
автоэнкодер,0.129117,0.359329,0.0453097,0.99898,26.8897,0.794286,15,144769 весов,,144769,42,32,0.00274186,113.691,2.70692
искажённый,29.9821,5.47559,0.690446,0.761806,3.2174,0.715981,20,,,,,,,,
скользящее среднее,0.328715,0.573337,0.0722951,0.997401,22.8179,0.75196,20,скользящее среднее (size=7),15,,,,,,
Савицкий-Голей,0.287852,0.536518,0.0676524,0.997711,23.3944,0.755199,20,"Савицкий-Голей (window=41, polyorder=4)",15,,,,,,
ФНЧ нулевой фазы,0.276186,0.525534,0.0662674,0.997803,23.574,0.755664,20,ФНЧ нулевой фазы (fc=5),15,,,,,,
обратный фильтр (прямой),4.86212e+14,2.20502e+07,2.78043e+06,0.00615182,-128.882,0.386601,20,обратный фильтр (прямой),407,,,,,,
обратный фильтр (Винер),0.337768,0.581178,0.0732838,0.998349,22.7,0.727789,20,обратный фильтр (Винер) (lambda=0.05),0,,,,,,
"обратный фильтр (Винер, СПМ)",0.108448,0.329315,0.0415251,0.999138,27.6339,0.75492,20,"обратный фильтр (Винер, СПМ) (nperseg=16384)",0,,,,,,
обратный фильтр (слепой),0.313166,0.559613,0.0705645,0.997566,23.0283,0.754562,20,"обратный фильтр (слепой) (fc_оценка=2.542, порядок_оценка=4)",-3,,,,,,
автоэнкодер,0.0607463,0.246468,0.0310784,0.999519,30.1564,0.78493,20,144769 весов,,144769,23,13,0.00146647,63.6291,2.76648
искажённый,29.417,5.42374,0.683909,0.765282,3.30004,0.768819,30,,,,,,,,
скользящее среднее,0.234755,0.484515,0.0610951,0.998136,24.2799,0.800368,30,скользящее среднее (size=3),15,,,,,,
Савицкий-Голей,0.221368,0.470498,0.0593276,0.998241,24.5349,0.809717,30,"Савицкий-Голей (window=21, polyorder=4)",15,,,,,,
ФНЧ нулевой фазы,0.218924,0.467894,0.0589992,0.998261,24.5831,0.82472,30,ФНЧ нулевой фазы (fc=6),15,,,,,,
обратный фильтр (прямой),5.71875e+13,7.56224e+06,953564,0.017856,-119.586,0.386565,30,обратный фильтр (прямой),407,,,,,,
обратный фильтр (Винер),0.0959086,0.309691,0.0390506,0.999276,28.1675,0.745575,30,обратный фильтр (Винер) (lambda=0.01),0,,,,,,
"обратный фильтр (Винер, СПМ)",0.0268649,0.163905,0.0206677,0.999786,33.6942,0.794826,30,"обратный фильтр (Винер, СПМ) (nperseg=16384)",0,,,,,,
обратный фильтр (слепой),0.131889,0.363166,0.0457935,0.998974,26.7839,0.768326,30,"обратный фильтр (слепой) (fc_оценка=2.668, порядок_оценка=4)",-2,,,,,,
автоэнкодер,0.0162073,0.127308,0.0160529,0.999884,36.1543,0.838971,30,144769 весов,,144769,42,32,0.00035841,112.063,2.66816
