epoch,train_loss,val_loss,seconds
1,0.0658729,0.0492487,16.6616
2,0.0457619,0.0438305,17.007
3,0.0434396,0.0438812,16.2481
4,0.0419239,0.0401557,16.2589
5,0.0413905,0.0396697,16.6369
6,0.0408565,0.0389821,14.7657
7,0.0403607,0.0409654,16.031
8,0.0398248,0.0427302,15.4489
9,0.0398306,0.0398562,15.9668
10,0.0393791,0.0386305,15.8031
11,0.0391158,0.0388461,15.2034
12,0.0388203,0.039899,15.5559
13,0.038531,0.038441,15.4257
14,0.0385609,0.0396668,15.4571
15,0.038279,0.0393595,14.8332
16,0.0380662,0.0406241,15.7976
17,0.0377227,0.040583,14.5181
18,0.0377259,0.0405273,15.3598
19,0.0373719,0.0388441,15.197
20,0.0371906,0.0391611,15.6545
21,0.0370745,0.0402178,16.4509
22,0.0369418,0.0391256,16.6475
23,0.0367587,0.0399171,16.3454
